Position, Company, Location, URL
Software Engineer I (Intern) United States,Cisco,San Francisco Bay Area,https://www.linkedin.com/jobs/view/software-engineer-i-intern-united-states-at-cisco-3312858753?refId=5YlQY%2BxjvwPR%2BuahLtOPdw%3D%3D&trackingId=ud6yaCMVK%2BeKj6d3NZV3oA%3D%3D&position=1&pageNum=0&trk=public_jobs_jserp-result_search-card
Entry Level Software Engineer,Econify,Austin  TX,https://www.linkedin.com/jobs/view/entry-level-software-engineer-at-econify-3311066223?refId=5YlQY%2BxjvwPR%2BuahLtOPdw%3D%3D&trackingId=WkqgXYK7AEMgp4U2J9x7aw%3D%3D&position=2&pageNum=0&trk=public_jobs_jserp-result_search-card
Software Engineer I (Co-Op) United States,Cisco,San Francisco Bay Area,https://www.linkedin.com/jobs/view/software-engineer-i-co-op-united-states-at-cisco-3312613311?refId=5YlQY%2BxjvwPR%2BuahLtOPdw%3D%3D&trackingId=1mdcYDYGldG6hb%2BfggMMLg%3D%3D&position=3&pageNum=0&trk=public_jobs_jserp-result_search-card
2023 Summer Intern - Software Engineer [Slack],Slack,San Francisco  CA,https://www.linkedin.com/jobs/view/2023-summer-intern-software-engineer-slack-at-slack-3311759368?refId=5YlQY%2BxjvwPR%2BuahLtOPdw%3D%3D&trackingId=V%2Bh4%2Fu7JZhz4QcTUe6as%2Fg%3D%3D&position=4&pageNum=0&trk=public_jobs_jserp-result_search-card
2023 Intern - Software Engineer,Adobe,San Jose  CA,https://www.linkedin.com/jobs/view/2023-intern-software-engineer-at-adobe-3308864584?refId=5YlQY%2BxjvwPR%2BuahLtOPdw%3D%3D&trackingId=kP0NhFktO1J3ibTKN7teAg%3D%3D&position=5&pageNum=0&trk=public_jobs_jserp-result_search-card
Software Engineer  Intern,IXL Learning,San Mateo  CA,https://www.linkedin.com/jobs/view/software-engineer-intern-at-ixl-learning-3311200531?refId=5YlQY%2BxjvwPR%2BuahLtOPdw%3D%3D&trackingId=FXEtanDvESc3eE%2BKjjeSYg%3D%3D&position=6&pageNum=0&trk=public_jobs_jserp-result_search-card
Software Engineer II (Intern) United States,Cisco,San Francisco Bay Area,https://www.linkedin.com/jobs/view/software-engineer-ii-intern-united-states-at-cisco-3312614054?refId=5YlQY%2BxjvwPR%2BuahLtOPdw%3D%3D&trackingId=rcD2PfzgF1wTRiNn57GCGQ%3D%3D&position=7&pageNum=0&trk=public_jobs_jserp-result_search-card
2023 Intern - Software Engineer,Adobe,San Francisco  CA,https://www.linkedin.com/jobs/view/2023-intern-software-engineer-at-adobe-3307455121?refId=5YlQY%2BxjvwPR%2BuahLtOPdw%3D%3D&trackingId=R8517gtGdEIlsu0WGqRVRQ%3D%3D&position=8&pageNum=0&trk=public_jobs_jserp-result_search-card
Software Engineering Internship/ New College Grad,TripActions,Palo Alto  CA,https://www.linkedin.com/jobs/view/software-engineering-internship-new-college-grad-at-tripactions-3308445671?refId=5YlQY%2BxjvwPR%2BuahLtOPdw%3D%3D&trackingId=3KjtkKCkODW7ArJlz4E2LA%3D%3D&position=9&pageNum=0&trk=public_jobs_jserp-result_search-card
Entry Level Software Engineer,Motorola Solutions,Schaumburg  IL,https://www.linkedin.com/jobs/view/entry-level-software-engineer-at-motorola-solutions-3312651510?refId=5YlQY%2BxjvwPR%2BuahLtOPdw%3D%3D&trackingId=O%2FDAb161YfGnjXx8K%2BW%2BWg%3D%3D&position=10&pageNum=0&trk=public_jobs_jserp-result_search-card
2023 Intern - Software Engineer,Adobe,San Jose  CA,https://www.linkedin.com/jobs/view/2023-intern-software-engineer-at-adobe-3307452500?refId=5YlQY%2BxjvwPR%2BuahLtOPdw%3D%3D&trackingId=Bklk%2B7ZchfuCx1QjNHXmLw%3D%3D&position=11&pageNum=0&trk=public_jobs_jserp-result_search-card
Data Analystâ€”Health Software,Apple,Cupertino  CA,https://www.linkedin.com/jobs/view/data-analyst%E2%80%94health-software-at-apple-3295802154?refId=5YlQY%2BxjvwPR%2BuahLtOPdw%3D%3D&trackingId=T1%2Ba125BQ9qhITZPi0f36g%3D%3D&position=12&pageNum=0&trk=public_jobs_jserp-result_search-card
2023 University Graduate - Software Engineer,Adobe,Austin  TX,https://www.linkedin.com/jobs/view/2023-university-graduate-software-engineer-at-adobe-3307748223?refId=5YlQY%2BxjvwPR%2BuahLtOPdw%3D%3D&trackingId=wOl1rwZ%2Bbk80YDDmaLtTLg%3D%3D&position=13&pageNum=0&trk=public_jobs_jserp-result_search-card
Junior Developer,IPG Health,New York City Metropolitan Area,https://www.linkedin.com/jobs/view/junior-developer-at-ipg-health-3312763651?refId=5YlQY%2BxjvwPR%2BuahLtOPdw%3D%3D&trackingId=x5eEEcWAiOE0ZncdjDxoYQ%3D%3D&position=14&pageNum=0&trk=public_jobs_jserp-result_search-card
2023 Intern - Software Engineer,Adobe,Seattle  WA,https://www.linkedin.com/jobs/view/2023-intern-software-engineer-at-adobe-3308869353?refId=5YlQY%2BxjvwPR%2BuahLtOPdw%3D%3D&trackingId=eUf5cTa%2BBxrS8p9Oa5iTOQ%3D%3D&position=15&pageNum=0&trk=public_jobs_jserp-result_search-card
Interns- Software Development,Oracle,Nashville  TN,https://www.linkedin.com/jobs/view/interns-software-development-at-oracle-3309660404?refId=5YlQY%2BxjvwPR%2BuahLtOPdw%3D%3D&trackingId=T%2Bepnfs5hkUsavF7U3z%2ByA%3D%3D&position=16&pageNum=0&trk=public_jobs_jserp-result_search-card
Software Engineer I,Yahoo,United States,https://www.linkedin.com/jobs/view/software-engineer-i-at-yahoo-3311180416?refId=5YlQY%2BxjvwPR%2BuahLtOPdw%3D%3D&trackingId=KyRrDLz5TjKolXqS2R1e9w%3D%3D&position=17&pageNum=0&trk=public_jobs_jserp-result_search-card
Software Developer Intern,CGI,Tennessee  United States,https://www.linkedin.com/jobs/view/software-developer-intern-at-cgi-3311212507?refId=5YlQY%2BxjvwPR%2BuahLtOPdw%3D%3D&trackingId=RPiqfXI7aG2hitW0EduABQ%3D%3D&position=18&pageNum=0&trk=public_jobs_jserp-result_search-card
New Grad - Software,Illumina,United States,https://www.linkedin.com/jobs/view/new-grad-software-at-illumina-3296991432?refId=5YlQY%2BxjvwPR%2BuahLtOPdw%3D%3D&trackingId=LJhMhgTd8CtcmlYQ1DadQA%3D%3D&position=19&pageNum=0&trk=public_jobs_jserp-result_search-card
Software Engineer Co-op - Spring 2023,Toast,Boston  MA,https://www.linkedin.com/jobs/view/software-engineer-co-op-spring-2023-at-toast-3306438318?refId=5YlQY%2BxjvwPR%2BuahLtOPdw%3D%3D&trackingId=J%2BHfXWTui%2BuezYTLSvF9KA%3D%3D&position=20&pageNum=0&trk=public_jobs_jserp-result_search-card
Software Engineer Intern (Core/Database Engineering) - Spring 2023,Snowflake,Bellevue  WA,https://www.linkedin.com/jobs/view/software-engineer-intern-core-database-engineering-spring-2023-at-snowflake-3311288524?refId=5YlQY%2BxjvwPR%2BuahLtOPdw%3D%3D&trackingId=xdNBZaBL23KeDKiu8a%2Fjrw%3D%3D&position=21&pageNum=0&trk=public_jobs_jserp-result_search-card
Software Engineer Intern (Core/Database Engineering) - Spring 2023,Snowflake,San Mateo  CA,https://www.linkedin.com/jobs/view/software-engineer-intern-core-database-engineering-spring-2023-at-snowflake-3311288511?refId=5YlQY%2BxjvwPR%2BuahLtOPdw%3D%3D&trackingId=6T%2F%2BkoVY3sNoARJ%2FonD7sQ%3D%3D&position=22&pageNum=0&trk=public_jobs_jserp-result_search-card
Junior Software Engineer,Henderson Scott,Texas  United States,https://www.linkedin.com/jobs/view/junior-software-engineer-at-henderson-scott-3312621552?refId=5YlQY%2BxjvwPR%2BuahLtOPdw%3D%3D&trackingId=QS6P2m%2BhSb%2BLdA294Uea4A%3D%3D&position=23&pageNum=0&trk=public_jobs_jserp-result_search-card
Software Development Intern (Messaging) - Summer 2023,Bandwidth Inc.,Raleigh  NC,https://www.linkedin.com/jobs/view/software-development-intern-messaging-summer-2023-at-bandwidth-inc-3311191984?refId=5YlQY%2BxjvwPR%2BuahLtOPdw%3D%3D&trackingId=QULBmbcYTs3R74%2B1r%2B9PQA%3D%3D&position=24&pageNum=0&trk=public_jobs_jserp-result_search-card
Software Developer Intern,CGI,Madison  WI,https://www.linkedin.com/jobs/view/software-developer-intern-at-cgi-3312658782?refId=5YlQY%2BxjvwPR%2BuahLtOPdw%3D%3D&trackingId=Tj6%2F6HWEPJpm3i%2FVef4VUw%3D%3D&position=25&pageNum=0&trk=public_jobs_jserp-result_search-card
Junior Java Developer,Lake 5 Media,Manhattan  NY,https://www.linkedin.com/jobs/view/junior-java-developer-at-lake-5-media-3304832476?refId=3a4s0u7%2Fc6b6Fkb7EcwIew%3D%3D&trackingId=nT9%2B73VNYHgsTu6fbbbaFg%3D%3D&position=1&pageNum=0&trk=public_jobs_jserp-result_search-card
Junior Software Engineer - Java,Captivation,Annapolis Junction  MD,https://www.linkedin.com/jobs/view/junior-software-engineer-java-at-captivation-3312657801?refId=3a4s0u7%2Fc6b6Fkb7EcwIew%3D%3D&trackingId=WOh4NlZewa%2Bo9mQYbMXuUw%3D%3D&position=2&pageNum=0&trk=public_jobs_jserp-result_search-card
Junior Software Engineer (Remote - US),TixTrack,Los Angeles  CA,https://www.linkedin.com/jobs/view/junior-software-engineer-remote-us-at-tixtrack-3312881035?refId=3a4s0u7%2Fc6b6Fkb7EcwIew%3D%3D&trackingId=pqmvmeUTfavJDDKkuL23Ug%3D%3D&position=3&pageNum=0&trk=public_jobs_jserp-result_search-card
Junior Java Developer,Virtusa,United States,https://www.linkedin.com/jobs/view/junior-java-developer-at-virtusa-3297471126?refId=3a4s0u7%2Fc6b6Fkb7EcwIew%3D%3D&trackingId=%2F1C55pGKpvCoAXIdPpOkYA%3D%3D&position=4&pageNum=0&trk=public_jobs_jserp-result_search-card
Junior Java Developer,OPTnation,Astoria  OR,https://www.linkedin.com/jobs/view/junior-java-developer-at-optnation-3306399707?refId=3a4s0u7%2Fc6b6Fkb7EcwIew%3D%3D&trackingId=htOgPf771W%2BpbJw9zo%2F%2Bww%3D%3D&position=5&pageNum=0&trk=public_jobs_jserp-result_search-card
Jr. Software Engineer,Brooksource,Greater Pittsburgh Region,https://www.linkedin.com/jobs/view/jr-software-engineer-at-brooksource-3311295833?refId=3a4s0u7%2Fc6b6Fkb7EcwIew%3D%3D&trackingId=4mfwnFhTGd8gMEFipYj86w%3D%3D&position=6&pageNum=0&trk=public_jobs_jserp-result_search-card
Junior Software Engineer,EnergyBot,Dallas  TX,https://www.linkedin.com/jobs/view/junior-software-engineer-at-energybot-3311786891?refId=3a4s0u7%2Fc6b6Fkb7EcwIew%3D%3D&trackingId=AIZHqKcPsnr1TwedYcCgpg%3D%3D&position=7&pageNum=0&trk=public_jobs_jserp-result_search-card
Software Engineer Intern,quadric.io,Burlingame  CA,https://www.linkedin.com/jobs/view/software-engineer-intern-at-quadric-io-3311213635?refId=3a4s0u7%2Fc6b6Fkb7EcwIew%3D%3D&trackingId=5smq90%2FDUdLK2deOLRP5rg%3D%3D&position=8&pageNum=0&trk=public_jobs_jserp-result_search-card
Entry Level Software Engineer,Econify,Austin  TX,https://www.linkedin.com/jobs/view/entry-level-software-engineer-at-econify-3311066223?refId=3a4s0u7%2Fc6b6Fkb7EcwIew%3D%3D&trackingId=JJW2VVNJqzFvQpTtUOd9ow%3D%3D&position=9&pageNum=0&trk=public_jobs_jserp-result_search-card
Junior Software Developer,Cagenix,Memphis  TN,https://www.linkedin.com/jobs/view/junior-software-developer-at-cagenix-3310845323?refId=3a4s0u7%2Fc6b6Fkb7EcwIew%3D%3D&trackingId=mJ4IAY9lMmIsxCpIWppqcQ%3D%3D&position=10&pageNum=0&trk=public_jobs_jserp-result_search-card
Junior / Graduate Java Software Developer,Mary Gilkerson Studio,Sacramento  CA,https://www.linkedin.com/jobs/view/junior-graduate-java-software-developer-at-mary-gilkerson-studio-3308831116?refId=3a4s0u7%2Fc6b6Fkb7EcwIew%3D%3D&trackingId=N34o91kFv0VhJG1DhZPWJg%3D%3D&position=11&pageNum=0&trk=public_jobs_jserp-result_search-card
Junior Java Developer,Apex Systems,United States,https://www.linkedin.com/jobs/view/junior-java-developer-at-apex-systems-3304082165?refId=3a4s0u7%2Fc6b6Fkb7EcwIew%3D%3D&trackingId=13mOx5TpGZARoCTq75iq%2Bg%3D%3D&position=12&pageNum=0&trk=public_jobs_jserp-result_search-card
Junior Java Developer,Kesar Web,United States,https://www.linkedin.com/jobs/view/junior-java-developer-at-kesar-web-3292109874?refId=3a4s0u7%2Fc6b6Fkb7EcwIew%3D%3D&trackingId=Z3mobkBgbC7y6bfq6de0mQ%3D%3D&position=13&pageNum=0&trk=public_jobs_jserp-result_search-card
Junior Java Developer,Apex Systems,United States,https://www.linkedin.com/jobs/view/junior-java-developer-at-apex-systems-3305974634?refId=3a4s0u7%2Fc6b6Fkb7EcwIew%3D%3D&trackingId=qBw7F8pPRYnZ1R11brtctQ%3D%3D&position=14&pageNum=0&trk=public_jobs_jserp-result_search-card
Software Engineer I (Intern) United States,Cisco,San Francisco Bay Area,https://www.linkedin.com/jobs/view/software-engineer-i-intern-united-states-at-cisco-3312858753?refId=3a4s0u7%2Fc6b6Fkb7EcwIew%3D%3D&trackingId=hcNPVi0k4otcsmKtR8nIbQ%3D%3D&position=15&pageNum=0&trk=public_jobs_jserp-result_search-card
Junior Java Developer (FULL TIME ),Alpha Silicon,Raleigh  NC,https://www.linkedin.com/jobs/view/junior-java-developer-full-time-at-alpha-silicon-3309821599?refId=3a4s0u7%2Fc6b6Fkb7EcwIew%3D%3D&trackingId=4JrudYicmdEEWlAyCBQGew%3D%3D&position=16&pageNum=0&trk=public_jobs_jserp-result_search-card
Jr Software Engineer,Leidos,Arlington  VA,https://www.linkedin.com/jobs/view/jr-software-engineer-at-leidos-3311212033?refId=3a4s0u7%2Fc6b6Fkb7EcwIew%3D%3D&trackingId=MXtsYl2GetPa9AOmLaaG%2Fg%3D%3D&position=17&pageNum=0&trk=public_jobs_jserp-result_search-card
Junior Java Developer,TEK NINJAS,United States,https://www.linkedin.com/jobs/view/junior-java-developer-at-tek-ninjas-3308851350?refId=3a4s0u7%2Fc6b6Fkb7EcwIew%3D%3D&trackingId=cm3C7MaYvee4Q7AVSxNIEg%3D%3D&position=18&pageNum=0&trk=public_jobs_jserp-result_search-card
Junior Java Developer,Master Compliance,Boston  MA,https://www.linkedin.com/jobs/view/junior-java-developer-at-master-compliance-3302530566?refId=3a4s0u7%2Fc6b6Fkb7EcwIew%3D%3D&trackingId=sywzaZMpvXTxDYqC%2BghXHg%3D%3D&position=19&pageNum=0&trk=public_jobs_jserp-result_search-card
Junior Java Developer,Apex Systems,United States,https://www.linkedin.com/jobs/view/junior-java-developer-at-apex-systems-3297468951?refId=3a4s0u7%2Fc6b6Fkb7EcwIew%3D%3D&trackingId=6%2Bmn1z%2B8a53VMnE286ar6w%3D%3D&position=20&pageNum=0&trk=public_jobs_jserp-result_search-card
Junior Java Developer,Infosys,Salt Lake City  UT,https://www.linkedin.com/jobs/view/junior-java-developer-at-infosys-3305522630?refId=3a4s0u7%2Fc6b6Fkb7EcwIew%3D%3D&trackingId=8Q9%2BJ4%2FHjdoksTtWDTPasw%3D%3D&position=21&pageNum=0&trk=public_jobs_jserp-result_search-card
Junior Java Developer,Apex Systems,United States,https://www.linkedin.com/jobs/view/junior-java-developer-at-apex-systems-3305494663?refId=3a4s0u7%2Fc6b6Fkb7EcwIew%3D%3D&trackingId=mLgaRiZc%2B5TPKzGb5naHIg%3D%3D&position=22&pageNum=0&trk=public_jobs_jserp-result_search-card
Java Developer,Fulcrum Digital Inc,Kingman  AZ,https://www.linkedin.com/jobs/view/java-developer-at-fulcrum-digital-inc-3308882767?refId=3a4s0u7%2Fc6b6Fkb7EcwIew%3D%3D&trackingId=z3PbTlOJesu1jbNyR7U80w%3D%3D&position=23&pageNum=0&trk=public_jobs_jserp-result_search-card
Junior Java Developer,Comrise,Newark  NJ,https://www.linkedin.com/jobs/view/junior-java-developer-at-comrise-3296028651?refId=3a4s0u7%2Fc6b6Fkb7EcwIew%3D%3D&trackingId=hVUlkdB3EeN9ksxKhdcCTg%3D%3D&position=24&pageNum=0&trk=public_jobs_jserp-result_search-card
Junior Java Developer,Indotronix Avani Group,Pittsburgh  PA,https://www.linkedin.com/jobs/view/junior-java-developer-at-indotronix-avani-group-3305481080?refId=3a4s0u7%2Fc6b6Fkb7EcwIew%3D%3D&trackingId=Dp0VkPS%2BofH0fSZcEZo31w%3D%3D&position=25&pageNum=0&trk=public_jobs_jserp-result_search-card
